sabor,opinion,fecha
vainilla,Me encanta su suavidad y dulzura,2025-01-05
cafÃ©,Demasiado amargo para mi gusto,2025-01-12
fresa,Un clÃ¡sico siempre refrescante,2025-01-28
chocolate,El mejor sabor de todos,2025-02-04
limÃ³n,Ãcido pero muy refrescante,2025-02-10
menta,No me gusta la combinaciÃ³n con chocolate,2025-02-14
caramelo,Demasiado empalagoso,2025-02-27
coco,Suave y delicioso me recuerda al verano,2025-03-03
nuez,Me gusta el toque crocante,2025-03-10
mango,Muy tropical me encanta,2025-03-17
fresa,Un poco artificial el sabor,2025-03-25
vainilla,Demasiado simple para mÃ­,2025-04-01
chocolate,Perfecto lo pedirÃ­a siempre,2025-04-06
limÃ³n,No me gusta lo Ã¡cido,2025-04-10
caramelo,Delicioso y dulce,2025-04-16
cafÃ©,Tiene un sabor fuerte que disfruto,2025-04-22
menta,Lo detesto sabe a pasta de dientes,2025-04-28
nuez,Delicado y sabroso,2025-05-03
coco,Me da textura rara en la boca,2025-05-07
mango,RiquÃ­simo me recuerda a mi infancia,2025-05-10
vainilla,Ideal para acompaÃ±ar pasteles,2025-05-13
fresa,Muy natural me gustÃ³,2025-05-15
caramelo,Demasiado dulce empalaga rÃ¡pido,2025-05-17
limÃ³n,Refrescante en un dÃ­a caluroso,2025-05-18
chocolate,No tan bueno como esperaba,2025-05-19
cafÃ©,Lo prefiero caliente no en helado,2025-05-20
menta,Agradable pero no lo comerÃ­a siempre,2025-05-21
nuez,Sabor sutil pero muy bueno,2025-05-22
mango,Me fascina lo afrutado que es,2025-05-23
fresa,Excelente sabe a fruta fresca,2025-05-24
vainilla,ClÃ¡sico nunca decepciona,2025-05-25
coco,Un poco extraÃ±o al inicio pero rico,2025-05-26
caramelo,Me agrada mucho su dulzura,2025-05-27
limÃ³n,Ideal para dÃ­as calurosos,2025-05-28
chocolate,Simplemente increÃ­ble,2025-05-29
menta,No es mi estilo,2025-05-30
nuez,Me sorprendiÃ³ muy sabroso,2025-05-31
cafÃ©,Buen sabor aunque no es mi favorito,2025-06-01
mango,Fresco y delicioso,2025-01-15
fresa,Me encanta su aroma,2025-02-05
vainilla,Demasiado comÃºn pero bueno,2025-03-18
coco,Sabor diferente pero agradable,2025-04-02
caramelo,Perfecto para quienes aman lo dulce,2025-04-18
chocolate,Mi favorito desde niÃ±o,2025-04-25
limÃ³n,Lo encontrÃ© muy Ã¡cido,2025-05-05
menta,Curioso pero no repetirÃ­a,2025-05-11
nuez,Me gusta que tenga pedacitos,2025-05-14
cafÃ©,Amargo pero interesante,2025-05-16
mango,El mejor sabor tropical,2025-05-21
fresa,Rico aunque un poco dulce de mÃ¡s,2025-05-29
vainilla,El mÃ¡s versÃ¡til de todos,2025-06-01